﻿{
	"ItemTooltip": {      
			"CelestialShell": "Ночью превращает владельца в оборотня\nПри входе в воду превращает владельца в амфибию\nНемного увеличивает урон, скорость ближнего боя, шанс критического урона, \nвосстановление жизни, защиту, скорость добычи руды и отбрасывание при атаках прислужников",
			"MoonStone": "В ночное время немного увеличивает урон, скорость ближнего боя, шанс критического урона, \nвосстановление жизни, защиту, скорость добычи руды и отбрасывание при атаках прислужников",
			"SunStone": "В дневное время немного увеличивает урон, скорость ближнего боя, шанс критического урона, \nвосстановление жизни, защиту, скорость добычи руды и отбрасывание при атаках прислужников",
			"CelestialStone": "Немного увеличивает урон, скорость ближнего боя, шанс критического урона, \nвосстановление жизни, защиту, скорость добычи руды и отбрасывание при атаках прислужников"
	},
	"ItemName": {
			"Holly": "Рождественский венок",
			"DesertChest": "Песчаный сундук",
			"MinecartTrack": "Рельсы",
			"VanityTreeYellowWillowSeed": "Жёлтое растеньице ивы",
			"GoldenCarp": "Золотой карась",
			"GingerbreadManBanner": "Знамя пряничного человека",
			"Ruby": "Рубин",
			"CoffeeCup": "Кофе",
			"EbonsandBlock": "Эбонитовый песок",
			"BloodZombieStatue": "Статуя кровавого зомби"
	},
	"Prefix": {
			"Slow": "Медленный",
			"Angry": "Злой",
			"Bulky": "Громоздкий",
			"Light": "Лёгкий",
			"Mystic": "Мистический",
			"Mythical": "Мифический",
			"Tiny": "Крошечный"
	},
	"Achievements": {
		"LIHZAHRDIAN_IDOL_Description": "Победите Голема — каменного ритуального идола племени ящщеров."
	}
}